,Assembly_Name,Body_Name,Label_Tier1,Label_Tier2,Label_Tier3
0,52972_6e5a5ada,b90b7a18-a3b2-11eb-ac7a-02622c65a8c3,[Unknown],[Skipped],[Skipped]
0,52972_6e5a5ada,b90bc65c-a3b2-11eb-9f94-02622c65a8c3,[Unknown],[Skipped],[Skipped]
0,52972_6e5a5ada,b90beca4-a3b2-11eb-9dd8-02622c65a8c3,[Unknown],[Skipped],[Skipped]
0,52972_6e5a5ada,b90beca5-a3b2-11eb-a4b0-02622c65a8c3,[Unknown],[Skipped],[Skipped]
0,52972_6e5a5ada,b90c5ef0-a3b2-11eb-bd19-02622c65a8c3,[Skipped],[Skipped],[Skipped]
0,52972_6e5a5ada,b90c5ef1-a3b2-11eb-a265-02622c65a8c3,[Skipped],[Skipped],[Skipped]
0,52972_6e5a5ada,b90c12cc-a3b2-11eb-a67f-02622c65a8c3,[Skipped],[Skipped],[Skipped]
0,52972_6e5a5ada,b90c38f8-a3b2-11eb-9946-02622c65a8c3,[Skipped],[Skipped],[Skipped]
0,52972_6e5a5ada,b90c851c-a3b2-11eb-bb0c-02622c65a8c3,control magnitude,regulate,decrease
0,52972_6e5a5ada,b90cab3e-a3b2-11eb-9225-02622c65a8c3,control magnitude,regulate,decrease
0,52972_6e5a5ada,b90cd176-a3b2-11eb-914d-02622c65a8c3,control magnitude,actuate,NONE
0,52972_6e5a5ada,b90cd177-a3b2-11eb-a6d1-02622c65a8c3,branch,separate,remove
0,52972_6e5a5ada,b90cf7a4-a3b2-11eb-ba96-02622c65a8c3,[Skipped],[Skipped],[Skipped]
0,52972_6e5a5ada,b90d1dde-a3b2-11eb-9f5c-02622c65a8c3,control magnitude,regulate,decrease
0,52972_6e5a5ada,b90d6a18-a3b2-11eb-88eb-02622c65a8c3,[Unknown],[Skipped],[Skipped]
0,52972_6e5a5ada,b90d43f4-a3b2-11eb-9557-02622c65a8c3,[Unknown],[Skipped],[Skipped]
0,52972_6e5a5ada,b90d9046-a3b2-11eb-93a2-02622c65a8c3,[Unknown],[Skipped],[Skipped]
0,52972_6e5a5ada,b90db648-a3b2-11eb-995e-02622c65a8c3,[Unknown],[Skipped],[Skipped]
0,52972_6e5a5ada,b90db649-a3b2-11eb-81d3-02622c65a8c3,[Unknown],[Skipped],[Skipped]
0,52972_6e5a5ada,b90ddc8c-a3b2-11eb-92e4-02622c65a8c3,[Unknown],[Skipped],[Skipped]
0,52972_6e5a5ada,b90e4efa-a3b2-11eb-b98b-02622c65a8c3,[Unknown],[Skipped],[Skipped]
0,52972_6e5a5ada,b90e9b52-a3b2-11eb-9043-02622c65a8c3,[Skipped],[Skipped],[Skipped]
0,52972_6e5a5ada,b90e28c2-a3b2-11eb-af40-02622c65a8c3,[Skipped],[Skipped],[Skipped]
0,52972_6e5a5ada,b90e0294-a3b2-11eb-b117-02622c65a8c3,[Skipped],[Skipped],[Skipped]
0,52972_6e5a5ada,b90e751c-a3b2-11eb-ba29-02622c65a8c3,provision,supply,NONE
0,52972_6e5a5ada,b90ec162-a3b2-11eb-92c3-02622c65a8c3,convert,convert,NONE
0,52972_6e5a5ada,b90ee7b8-a3b2-11eb-b285-02622c65a8c3,control magnitude,regulate,decrease
0,52972_6e5a5ada,b90f33c0-a3b2-11eb-9787-02622c65a8c3,control magnitude,[Unknown],[Skipped]
0,52972_6e5a5ada,b90f8014-a3b2-11eb-bd68-02622c65a8c3,[Unknown],[Skipped],[Skipped]
0,52972_6e5a5ada,b90fcc64-a3b2-11eb-a172-02622c65a8c3,[Unknown],[Skipped],[Skipped]
0,52972_6e5a5ada,b910d76e-a3b2-11eb-a4ac-02622c65a8c3,[Unknown],[Skipped],[Skipped]
0,52972_6e5a5ada,b911e266-a3b2-11eb-8cc8-02622c65a8c3,[Unknown],[Skipped],[Skipped]
0,52972_6e5a5ada,b912a164-a3b2-11eb-a399-02622c65a8c3,[Unknown],[Skipped],[Skipped]
0,52972_6e5a5ada,b913ac46-a3b2-11eb-ab45-02622c65a8c3,[Skipped],[Skipped],[Skipped]
0,52972_6e5a5ada,b913d246-a3b2-11eb-bc94-02622c65a8c3,[Skipped],[Skipped],[Skipped]
0,52972_6e5a5ada,b913f8b6-a3b2-11eb-9bde-02622c65a8c3,[Skipped],[Skipped],[Skipped]
0,52972_6e5a5ada,b914b75a-a3b2-11eb-87f2-02622c65a8c3,[Skipped],[Skipped],[Skipped]
0,52972_6e5a5ada,b915c24a-a3b2-11eb-aad6-02622c65a8c3,branch,separate,divide
0,52972_6e5a5ada,b915e85e-a3b2-11eb-b738-02622c65a8c3,branch,separate,divide
0,52972_6e5a5ada,b916cd46-a3b2-11eb-af3f-02622c65a8c3,[Skipped],[Skipped],[Skipped]
0,52972_6e5a5ada,b916cd47-a3b2-11eb-b4ce-02622c65a8c3,[Skipped],[Skipped],[Skipped]
0,52972_6e5a5ada,b916f370-a3b2-11eb-b9ad-02622c65a8c3,[Unknown],[Skipped],[Skipped]
0,52972_6e5a5ada,b917b24c-a3b2-11eb-8370-02622c65a8c3,[Unknown],[Skipped],[Skipped]
0,52972_6e5a5ada,b917fe7a-a3b2-11eb-96ec-02622c65a8c3,[Unknown],[Skipped],[Skipped]
0,52972_6e5a5ada,b9103ede-a3b2-11eb-a883-02622c65a8c3,[Unknown],[Skipped],[Skipped]
0,52972_6e5a5ada,b9108b2c-a3b2-11eb-bb1e-02622c65a8c3,provision,supply,NONE
0,52972_6e5a5ada,b9122eae-a3b2-11eb-aff9-02622c65a8c3,control magnitude,regulate,decrease
0,52972_6e5a5ada,b9141ec6-a3b2-11eb-b361-02622c65a8c3,control magnitude,regulate,decrease
0,52972_6e5a5ada,b9146ad8-a3b2-11eb-9218-02622c65a8c3,control magnitude,regulate,increase
0,52972_6e5a5ada,b9159c8c-a3b2-11eb-abc5-02622c65a8c3,branch,separate,divide
0,52972_6e5a5ada,b9160ea8-a3b2-11eb-89c5-02622c65a8c3,[Unknown],[Skipped],[Skipped]
0,52972_6e5a5ada,b9165afe-a3b2-11eb-b64c-02622c65a8c3,[Unknown],[Skipped],[Skipped]
0,52972_6e5a5ada,b9173fbe-a3b2-11eb-bfcc-02622c65a8c3,[Unknown],[Skipped],[Skipped]
0,52972_6e5a5ada,b9178c24-a3b2-11eb-9021-02622c65a8c3,[Unknown],[Skipped],[Skipped]
0,52972_6e5a5ada,b91018ca-a3b2-11eb-a904-02622c65a8c3,[Unknown],[Skipped],[Skipped]
0,52972_6e5a5ada,b91123c6-a3b2-11eb-8c93-02622c65a8c3,[Unknown],[Skipped],[Skipped]
0,52972_6e5a5ada,b91313b6-a3b2-11eb-beb0-02622c65a8c3,[Skipped],[Skipped],[Skipped]
0,52972_6e5a5ada,b91444d8-a3b2-11eb-9f56-02622c65a8c3,[Skipped],[Skipped],[Skipped]
0,52972_6e5a5ada,b91680fa-a3b2-11eb-a575-02622c65a8c3,[Skipped],[Skipped],[Skipped]
0,52972_6e5a5ada,b913862e-a3b2-11eb-aba8-02622c65a8c3,[Skipped],[Skipped],[Skipped]
0,52972_6e5a5ada,b914911e-a3b2-11eb-b78f-02622c65a8c3,[Skipped],[Skipped],[Skipped]
0,52972_6e5a5ada,b915761e-a3b2-11eb-a344-02622c65a8c3,[Skipped],[Skipped],[Skipped]
0,52972_6e5a5ada,b917199e-a3b2-11eb-8b3d-02622c65a8c3,[Skipped],[Skipped],[Skipped]
0,52972_6e5a5ada,b9119636-a3b2-11eb-ace6-02622c65a8c3,[Skipped],[Skipped],[Skipped]
0,52972_6e5a5ada,b9136006-a3b2-11eb-997e-02622c65a8c3,convert,convert,NONE
0,52972_6e5a5ada,b9150376-a3b2-11eb-9fc9-02622c65a8c3,branch,separate,divide
0,52972_6e5a5ada,b9152990-a3b2-11eb-80a2-02622c65a8c3,branch,separate,divide
